scenario_id,agent_code,shared_cash,as_of
FORECAST-001,AGENT-SYL-001,90000.00,2026-07-11T14:00:00Z
NETWORK-001,AGENT-SYL-001,25000.00,2026-07-11T08:00:00Z
NETWORK-001,AGENT-SYL-002,55000.00,2026-07-11T08:00:00Z
NETWORK-001,AGENT-SYL-003,140000.00,2026-07-11T08:00:00Z
NETWORK-001,AGENT-SYL-004,90000.00,2026-07-11T08:00:00Z
NORMAL-001,AGENT-SYL-001,50000.00,2026-07-11T08:00:00Z
REPEATED-001,AGENT-SYL-001,65000.00,2026-07-11T08:00:00Z
SHORTAGE-001,AGENT-SYL-001,70000.00,2026-07-11T08:00:00Z
STALE-001,AGENT-SYL-001,50000.00,2026-07-11T08:00:00Z
